{"cameraMode":{"drawMode":0,"name":"Shaded","section":"Shading Mode"},"sceneLighting":false,"audioPlay":false,"sceneViewState":{"m_AlwaysRefresh":false,"showFog":true,"showSkybox":true,"showFlares":true,"showImageEffects":true,"showParticleSystems":true,"showVisualEffectGraphs":true,"m_FxEnabled":true},"in2DMode":false,"pivot":{"x":18.99305534362793,"y":22.44143295288086,"z":-12.589893341064454},"rotation":{"x":-0.19460459053516389,"y":0.09604872763156891,"z":-0.019158141687512399,"w":-0.9759977459907532},"size":10.788238525390625,"orthographic":false}